Nome,Coluna,Variavel,Apath 4.00,Tipo,CompWhere,Tamanho banco,Apath tabela,Apath tabela pai
fq72300,nfq720652,id,nfeProc/NFe/infNFe/@Id,String,,50,nfeProc/NFe/infNFe,
fq72300,nfq720702,ideCuf,nfeProc/NFe/infNFe/ide/cUF,String,,2,,
fq72300,nfq720703,ideCnf,nfeProc/NFe/infNFe/ide/cNF,Integer,,11,,
fq72300,nfq720704,ideNatOp,nfeProc/NFe/infNFe/ide/natOp,String,,255,,
fq72300,nfq720705,ideIndPag,-,String,,1,,
fq72300,nfq720706,ideMod,nfeProc/NFe/infNFe/ide/mod,String,,20,,
fq72300,nfq720707,ideSerie,nfeProc/NFe/infNFe/ide/serie,String,,5,,
fq72300,nfq720708,ideNnf,nfeProc/NFe/infNFe/ide/nNF,String,,11,,
fq72300,nfq720709,ideDhEmi,nfeProc/NFe/infNFe/ide/dhEmi,Date,,20,,
fq72300,nfq720710,ideSaiEnt,nfeProc/NFe/infNFe/ide/dhSaiEnt,Date,,20,,
fq72300,nfq720711,ideHsaiEnt,nfeProc/NFe/infNFe/ide/dhSaiEnt,Time,,20,,
fq72300,nfq720712,ideTpNf,nfeProc/NFe/infNFe/ide/tpNF,String,,1,,
fq72300,nfq720713,ideCmunFg,nfeProc/NFe/infNFe/ide/cMunFG,String,,10,,
fq72300,nfq720714,ideTpImp,nfeProc/NFe/infNFe/ide/tpImp,String,,1,,
fq72300,nfq720715,ideTpEmis,nfeProc/NFe/infNFe/ide/tpEmis,String,,1,,
fq72300,nfq720716,ideCdv,nfeProc/NFe/infNFe/ide/cDV,String,,1,,
fq72300,nfq720717,ideTpAmb,nfeProc/NFe/infNFe/ide/tpAmb,Integer,,1,,
fq72300,nfq720718,ideFinNfe,nfeProc/NFe/infNFe/ide/finNFe,Integer,,1,,
fq72300,nfq720719,ideProcEmi,nfeProc/NFe/infNFe/ide/procEmi,Integer,,1,,
fq72300,nfq720720,ideVerProc,nfeProc/NFe/infNFe/ide/verProc,String,,25,,
fq72300,nfq720721,ideDhCont,nfeProc/NFe/infNFe/ide/dhCont,String,,20,,
fq72300,nfq720723,ideXjust,nfeProc/NFe/infNFe/ide/xJust,String,,300,,
fq72300,nfq720724,icmsVbc,nfeProc/NFe/infNFe/total/ICMSTot/vBC,Decimal,,15,,
fq72300,nfq720725,icmsVICMS,nfeProc/NFe/infNFe/total/ICMSTot/vICMS,Decimal,,15,,
fq72300,nfq720726,icmsVbcst,nfeProc/NFe/infNFe/total/ICMSTot/vBCST,Decimal,,15,,
fq72300,nfq720727,icmsVst,nfeProc/NFe/infNFe/total/ICMSTot/vST,Decimal,,15,,
fq72300,nfq720728,icmsVprod,nfeProc/NFe/infNFe/total/ICMSTot/vProd,Decimal,,15,,
fq72300,nfq720729,icmsVfrete,nfeProc/NFe/infNFe/total/ICMSTot/vFrete,Decimal,,15,,
fq72300,nfq720730,icmsVseg,nfeProc/NFe/infNFe/total/ICMSTot/vSeg,Decimal,,15,,
fq72300,nfq720731,icmsVdesc,nfeProc/NFe/infNFe/total/ICMSTot/vDesc,Decimal,,15,,
fq72300,nfq720732,icmsVii,nfeProc/NFe/infNFe/total/ICMSTot/vII,Decimal,,15,,
fq72300,nfq720733,icmsVipi,nfeProc/NFe/infNFe/total/ICMSTot/vIPI,Decimal,,15,,
fq72300,nfq720734,icmsProdVpis,nfeProc/NFe/infNFe/total/ICMSTot/vPIS,Decimal,,15,,
fq72300,nfq720735,icmsVcofins,nfeProc/NFe/infNFe/total/ICMSTot/vCOFINS,Decimal,,15,,
fq72300,nfq720736,icmsVoutro,nfeProc/NFe/infNFe/total/ICMSTot/vOutro,Decimal,,15,,
fq72300,nfq720737,icmsVnf,nfeProc/NFe/infNFe/total/ICMSTot/vNF,Decimal,,15,,
fq72300,nfq720738,icmsVserv,nfeProc/NFe/infNFe/total/ISSQNtot/vServ,Decimal,,15,,
fq72300,nfq720739,icmsVbc,nfeProc/NFe/infNFe/total/ISSQNtot/vBC,Decimal,,15,,
fq72300,nfq720740,icmsViss,nfeProc/NFe/infNFe/total/ISSQNtot/vISS,Decimal,,15,,
fq72300,nfq720741,icmsVpis,nfeProc/NFe/infNFe/total/ISSQNtot/vPIS,Decimal,,15,,
fq72300,nfq720742,icmsServVcofins,nfeProc/NFe/infNFe/total/ISSQNtot/vCOFINS,Decimal,,15,,
fq72300,nfq720743,cRegTribVRetpis,nfeProc/NFe/infNFe/total/retTrib/vRetPIS,Decimal,,15,,
fq72300,nfq720744,cRegTribVretcofins,nfeProc/NFe/infNFe/total/retTrib/vRetCOFINS,Decimal,,15,,
fq72300,nfq720745,cRegTribVretcsll,nfeProc/NFe/infNFe/total/retTrib/vRetCSLL,Decimal,,15,,
fq72300,nfq720746,cRegTribVbcirrf,nfeProc/NFe/infNFe/total/retTrib/vBCIRRF,Decimal,,15,,
fq72300,nfq720747,cRegTribVirrf,nfeProc/NFe/infNFe/total/retTrib/vIRRF,Decimal,,15,,
fq72300,nfq720748,cRegTribVbcRetPrev,nfeProc/NFe/infNFe/total/retTrib/vBCRetPrev,Decimal,,15,,
fq72300,nfq720749,cRegTribVRetPrev,nfeProc/NFe/infNFe/total/retTrib/vRetPrev,Decimal,,15,,
fq72300,nfq720750,transpModFrete,nfeProc/NFe/infNFe/transp/modFrete,String,,1,,
fq72300,nfq720751,transpVserv,nfeProc/NFe/infNFe/transp/retTransp/vServ,Decimal,,15,,
fq72300,nfq720752,transpVbcRet,nfeProc/NFe/infNFe/transp/retTransp/vBCRet,Decimal,,15,,
fq72300,nfq720753,transpPicmsRet,nfeProc/NFe/infNFe/transp/retTransp/pICMSRet,Integer,,8,,
fq72300,nfq720754,transpVicmsRet,nfeProc/NFe/infNFe/transp/retTransp/vICMSRet,Decimal,,15,,
fq72300,nfq720755,transpCfop,nfeProc/NFe/infNFe/transp/retTransp/CFOP,String,,4,,
fq72300,nfq720756,transpCmunFg,nfeProc/NFe/infNFe/transp/retTransp/cMunFG,String,,7,,
fq72300,nfq720757,transpPlaca,nfeProc/NFe/infNFe/transp/veicTransp/placa,String,,10,,
fq72300,nfq720758,transpUf,nfeProc/NFe/infNFe/transp/veicTransp/UF,String,,2,,
fq72300,nfq720759,transpRntc,nfeProc/NFe/infNFe/transp/veicTransp/RNTC,String,,20,,
fq72300,nfq720760,cobrNfat,nfeProc/NFe/infNFe/cobr/fat/nFat,String,,60,,
fq72300,nfq720761,cobrVorig,nfeProc/NFe/infNFe/cobr/fat/vOrig,Decimal,,15,,
fq72300,nfq720762,cobrVdesc,nfeProc/NFe/infNFe/cobr/fat/vDesc,Decimal,,15,,
fq72300,nfq720763,cobrVliq,nfeProc/NFe/infNFe/cobr/fat/vLiq,Decimal,,15,,
fq72300,nfq720764,infAdicFisco,nfeProc/NFe/infNFe/infAdic/infAdFisco,String,,2000,,
fq72300,nfq720765,InfAdicCpl,nfeProc/NFe/infNFe/infAdic/infCpl,String,,4000,,
fq72300,nfq720766,exportaUfEmbarq,-,String,,2,,
fq72300,nfq720767,exportaXlocEmbarq,-,String,,60,,
fq72300,nfq720768,compraXnEmp,-,String,,22,,
fq72300,nfq720769,xPed,nfeProc/NFe/infNFe/compra/xPed,String,,60,,
fq72300,nfq720770,xCont,nfeProc/NFe/infNFe/compra/xCont,String,,60,,
fq72300,nfq721201,ideDhEmi,nfeProc/NFe/infNFe/ide/dhEmi,Date Time,,25,,
fq72300,nfq721202,ideDhSainEnt,nfeProc/NFe/infNFe/ide/dhSaiEnt,Date Time,,25,,
fq72300,nfq721203,ideIdDest,nfeProc/NFe/infNFe/ide/idDest,Integer,,1,,
fq72300,nfq721204,ideIndFinal,nfeProc/NFe/infNFe/ide/indFinal,Integer,,1,,
fq72300,nfq721205,ideIndPres,nfeProc/NFe/infNFe/ide/indPres,Integer,,1,,
fq72300,nfq721240,icmsDeson,nfeProc/NFe/infNFe/total/ICMSTot/vICMSDeson,Decimal,,15,,
fq72300,nfq721241,issqnDcompet,nfeProc/NFe/infNFe/total/ISSQNtot/dCompet,String,,8,,
fq72300,nfq721242,issqnVdeducao,nfeProc/NFe/infNFe/total/ISSQNtot/vDeducao,Decimal,,15,,
fq72300,nfq721243,issqnVoutro,nfeProc/NFe/infNFe/total/ISSQNtot/vOutro,Decimal,,15,,
fq72300,nfq721244,issqnVdescIncond,nfeProc/NFe/infNFe/total/ISSQNtot/vDescIncond,Decimal,,15,,
fq72300,nfq721245,issqnVDescCond,nfeProc/NFe/infNFe/total/ISSQNtot/vDescCond,Decimal,,15,,
fq72300,nfq721246,issqnVissRet,nfeProc/NFe/infNFe/total/ISSQNtot/vISSRet,Decimal,,15,,
fq72300,nfq721247,issqnCregTrib,nfeProc/NFe/infNFe/total/ISSQNtot/cRegTrib,Integer,,2,,
fq72300,nfq721310,icmsVfcpufDest,nfeProc/NFe/infNFe/total/ICMSTot/vFCPUFDest,Decimal,,13,,
fq72300,nfq721311,icmsVicmsufDest,nfeProc/NFe/infNFe/total/ICMSTot/vICMSUFDest,Decimal,,13,,
fq72300,nfq721312,icmsVicmsufRemet,nfeProc/NFe/infNFe/total/ICMSTot/vICMSUFRemet,Decimal,,13,,
fq72300,nfq722411,icmsVfcp,nfeProc/NFe/infNFe/total/ICMSTot/vFCP,Decimal,,15,,
fq72300,nfq722414,icmsVfcpst,nfeProc/NFe/infNFe/total/ICMSTot/vFCPST,Decimal,,15,,
fq72300,nfq722417,icmsVfcpstRet,nfeProc/NFe/infNFe/total/ICMSTot/vFCPSTRet,Decimal,,15,,
fq72300,nfq722421,icmsVipiDevol,nfeProc/NFe/infNFe/total/ICMSTot/vIPIDevol,Decimal,,15,,
fq72300,nfq722445,compraXnEmp,nfeProc/NFe/infNFe/compra/xNEmp,String,,22,,
fq72301,niq720652,id,${chaveDeAcesso},String,,50,nfeProc/NFe/infNFe/det,
fq72301,niq720653,nSequencia,nfeProc/NFe/infNFe/det/@nItem,Integer,,22,,
fq72301,niq720654,prodCprod,nfeProc/NFe/infNFe/det/prod/cProd,String,,60,,
fq72301,niq720655,prodCean,nfeProc/NFe/infNFe/det/prod/cEAN,String,,50,,
fq72301,niq720656,prodXprod,nfeProc/NFe/infNFe/det/prod/xProd,String,,120,,
fq72301,niq720657,prodNcm,nfeProc/NFe/infNFe/det/prod/NCM,String,,10,,
fq72301,niq720658,prodExtIpi,nfeProc/NFe/infNFe/det/prod/EXTIPI,String,,3,,
fq72301,niq720660,prodCfop,nfeProc/NFe/infNFe/det/prod/CFOP,Integer,,4,,
fq72301,niq720661,prodUcom,nfeProc/NFe/infNFe/det/prod/uCom,String,,6,,
fq72301,niq720662,prodQcom,nfeProc/NFe/infNFe/det/prod/qCom,Decimal,,15,,
fq72301,niq720663,prodVunCom,nfeProc/NFe/infNFe/det/prod/vUnCom,Decimal,,21,,
fq72301,niq720665,prodCeanTrib,nfeProc/NFe/infNFe/det/prod/cEANTrib,String,,15,,
fq72301,niq720666,prodUtrib,nfeProc/NFe/infNFe/det/prod/uTrib,String,,6,,
fq72301,niq720667,prodQtrib,nfeProc/NFe/infNFe/det/prod/qTrib,Decimal,,15,,
fq72301,niq720668,prodVunTrib,nfeProc/NFe/infNFe/det/prod/vUnTrib,Decimal,,21,,
fq72301,niq720671,prodGenero,nfeProc/NFe/infNFe/det/prod/genero,String,,2,,
fq72301,niq720672,prodVoutro,nfeProc/NFe/infNFe/det/prod/vOutro,Decimal,,15,,
fq72301,niq720673,prodIndTot,nfeProc/NFe/infNFe/det/prod/indTot,Integer,,1,,
fq72301,niq720674,icmsPmvast,nfeProc/NFe/infNFe/det/imposto/ICMS/*/pMVAST,Decimal,,15,,
fq72301,niq720675,nItemPed,nfeProc/NFe/infNFe/det/prod/nItemPed,String,,10,,
fq72301,niq720676,icmsOrig,nfeProc/NFe/infNFe/det/imposto/ICMS/*/orig,String,,1,,
fq72301,niq720677,icmsCst,nfeProc/NFe/infNFe/det/imposto/ICMS/*/CST,String,,2,,
fq72301,niq720678,icmsModBc,nfeProc/NFe/infNFe/det/imposto/ICMS/*/modBC,String,,1,,
fq72301,niq720679,icmspRedBc,nfeProc/NFe/infNFe/det/imposto/ICMS/*/pRedBC,Decimal,,5,,
fq72301,niq720680,icmsVbc,nfeProc/NFe/infNFe/det/imposto/ICMS/*/vBC,Decimal,,15,,
fq72301,niq720681,icmsPicms,nfeProc/NFe/infNFe/det/imposto/ICMS/*/pICMS,Decimal,,5,,
fq72301,niq720682,icmsVicms,nfeProc/NFe/infNFe/det/imposto/ICMS/*/vICMS,Decimal,,15,,
fq72301,niq720683,icmsModBcst,nfeProc/NFe/infNFe/det/imposto/ICMS/*/modBCST,String,,1,,
fq72301,niq720684,icmspRedBcst,nfeProc/NFe/infNFe/det/imposto/ICMS/*/pRedBCST,Decimal,,5,,
fq72301,niq720685,icmsVbcst,nfeProc/NFe/infNFe/det/imposto/ICMS/*/vBCST,Decimal,,15,,
fq72301,niq720686,icmsPicmSst,nfeProc/NFe/infNFe/det/imposto/ICMS/*/pICMSST,Decimal,,15,,
fq72301,niq720687,icmsVicmSst,nfeProc/NFe/infNFe/det/imposto/ICMS/*/vICMSST,Decimal,,15,,
fq72301,niq720688,icmsMotDesIcms,nfeProc/NFe/infNFe/det/imposto/ICMS/*/motDesICMS,String,,1,,
fq72301,niq720689,icmsVBcstRet,nfeProc/NFe/infNFe/det/imposto/ICMS/*/vBCSTRet,Decimal,,15,,
fq72301,niq720690,icmsVicmSstRet,nfeProc/NFe/infNFe/det/imposto/ICMS/*/vICMSSTRet,Decimal,,15,,
fq72301,niq720691,icmsPbcoP,nfeProc/NFe/infNFe/det/imposto/ICMS/ICMSPart/pBCOp,Decimal,,8,,
fq72301,niq720692,icmsUfst,nfeProc/NFe/infNFe/det/imposto/ICMS/ICMSPart/UFST,String,,2,,
fq72301,niq720693,icmsVbsctDest,nfeProc/NFe/infNFe/det/imposto/ICMS/ICMSST/vBCSTDest,Decimal,,15,,
fq72301,niq720694,icmsVicmSstDest,nfeProc/NFe/infNFe/det/imposto/ICMS/ICMSST/vICMSSTDest,Decimal,,15,,
fq72301,niq720695,icmsCson,nfeProc/NFe/infNFe/det/imposto/ICMS/*/CSOSN,Integer,,3,,
fq72301,niq720696,icmsPcredSn,nfeProc/NFe/infNFe/det/imposto/ICMS/*/pCredSN,Decimal,,6,,
fq72301,niq720697,icmsVcredIcmSsn,nfeProc/NFe/infNFe/det/imposto/ICMS/*/vCredICMSSN,Decimal,,15,,
fq72301,niq720698,ipiCiEnq,-,String,,5,,
fq72301,niq720699,ipiCnpjProd,nfeProc/NFe/infNFe/det/imposto/IPI/CNPJProd,String,,14,,
fq72301,niq720700,ipiCselo,nfeProc/NFe/infNFe/det/imposto/IPI/cSelo,String,,60,,
fq72301,niq720728,prodVprod,nfeProc/NFe/infNFe/det/prod/vProd,Decimal,,15,,
fq72301,niq720729,prodVFrete,nfeProc/NFe/infNFe/det/prod/vFrete,Decimal,,15,,
fq72301,niq720730,prodVseg,nfeProc/NFe/infNFe/det/prod/vSeg,Decimal,,15,,
fq72301,niq720731,prodVdesc,nfeProc/NFe/infNFe/det/prod/vDesc,Decimal,,15,,
fq72301,niq720769,prodXped,nfeProc/NFe/infNFe/det/prod/xPed,String,,60,,
fq72301,niq720771,impostoQselo,nfeProc/NFe/infNFe/det/imposto/IPI/qSelo,Integer,,12,,
fq72301,niq720772,impostoCenq,nfeProc/NFe/infNFe/det/imposto/IPI/cEnq,String,,3,,
fq72301,niq720773,impostoCst,nfeProc/NFe/infNFe/det/imposto/IPI/*/CST,String,,2,,
fq72301,niq720774,impostoVbc,nfeProc/NFe/infNFe/det/imposto/IPI/IPITrib/vBC,Decimal,,15,,
fq72301,niq720775,impostoQunid,nfeProc/NFe/infNFe/det/imposto/IPI/IPITrib/qUnid,Decimal,,16,,
fq72301,niq720776,impostoVunid,nfeProc/NFe/infNFe/det/imposto/IPI/IPITrib/vUnid,Decimal,,15,,
fq72301,niq720777,impostoPipi,nfeProc/NFe/infNFe/det/imposto/IPI/IPITrib/pIPI,Decimal,,5,,
fq72301,niq720778,impostoVipi,nfeProc/NFe/infNFe/det/imposto/IPI/IPITrib/vIPI,Decimal,,15,,
fq72301,niq720780,impostoVdespAdu,nfeProc/NFe/infNFe/det/imposto/II/vDespAdu,Decimal,,15,,
fq72301,niq720781,impostoVii,nfeProc/NFe/infNFe/det/imposto/II/vII,Decimal,,15,,
fq72301,niq720782,impostoViof,nfeProc/NFe/infNFe/det/imposto/II/vIOF,Decimal,,15,,
fq72301,niq720779,impostoIiVbc,nfeProc/NFe/infNFe/det/imposto/II/vBC,Decimal,,15,,
fq72301,niq720783,PISAliqCst,nfeProc/NFe/infNFe/det/imposto/PIS/*/CST,String,,2,,
fq72301,niq720784,PISAliqVbc,nfeProc/NFe/infNFe/det/imposto/PIS/*/vBC,Decimal,,15,,
fq72301,niq720785,PISAliqPpis,nfeProc/NFe/infNFe/det/imposto/PIS/*/pPIS,Decimal,,15,,
fq72301,niq720786,PISAliqQbcProd,nfeProc/NFe/infNFe/det/imposto/PIS/*/qBCProd,Decimal,,16,,
fq72301,niq720787,PISAliqValiqProd,nfeProc/NFe/infNFe/det/imposto/PIS/*/vAliqProd,Decimal,,15,,
fq72301,niq720788,PISAliqVpis,nfeProc/NFe/infNFe/det/imposto/PIS/*/vPIS,Decimal,,15,,
fq72301,niq720789,confinsCst,nfeProc/NFe/infNFe/det/imposto/COFINS/*/CST,String,,2,,
fq72301,niq720790,confinsVbc,nfeProc/NFe/infNFe/det/imposto/COFINS/*/vBC,Decimal,,15,,
fq72301,niq720791,confinsPcofins,nfeProc/NFe/infNFe/det/imposto/COFINS/*/pCOFINS,Decimal,,15,,
fq72301,niq720792,confinsQbcProd,nfeProc/NFe/infNFe/det/imposto/COFINS/*/qBCProd,Decimal,,16,,
fq72301,niq720793,confinsValiqProd,nfeProc/NFe/infNFe/det/imposto/COFINS/*/vAliqProd,Decimal,,15,,
fq72301,niq720794,confinsVCofins,nfeProc/NFe/infNFe/det/imposto/COFINS/*/vCOFINS,Decimal,,15,,
fq72301,niq720795,issqnVbc,nfeProc/NFe/infNFe/det/imposto/ISSQN/vBC,Decimal,,15,,
fq72301,niq720796,issqnValiq,nfeProc/NFe/infNFe/det/imposto/ISSQN/vAliq,Decimal,,5,,
fq72301,niq720797,issqnVissqn,nfeProc/NFe/infNFe/det/imposto/ISSQN/vISSQN,Decimal,,15,,
fq72301,niq720798,issqnCmunFg,nfeProc/NFe/infNFe/det/imposto/ISSQN/cMunFG,Integer,,7,,
fq72301,niq720799,issqnClistServ,nfeProc/NFe/infNFe/det/imposto/ISSQN/cListServ,String,,6,,
fq72301,niq720800,issqnCsitTrib,nfeProc/NFe/infNFe/det/imposto/ISSQN/cSitTrib,String,,1,,
fq72301,niq720801,infAdProd,nfeProc/NFe/infNFe/det/infAdProd,String,,500,,
fq72301,niq721221,prodNrecopi,nfeProc/NFe/infNFe/det/prod/nRECOPI,Integer,,20,,
fq72301,niq721222,impostoVtotTrib,nfeProc/NFe/infNFe/det/imposto/vTotTrib,Decimal,,15,,
fq72301,niq721223,icmsVicmsDeson,nfeProc/NFe/infNFe/det/imposto/ICMS/*/vICMSDeson,Decimal,,15,,
fq72301,niq721224,icmsVicmsOp,nfeProc/NFe/infNFe/det/imposto/ICMS/*/vICMSOp,Decimal,,15,,
fq72301,niq721225,icmsPDif,nfeProc/NFe/infNFe/det/imposto/ICMS/*/pDif,Decimal,,7,,
fq72301,niq721226,icmsVicmsDif,nfeProc/NFe/infNFe/det/imposto/ICMS/*/vICMSDif,Decimal,,15,,
fq72301,niq721227,issqnVDeducao,nfeProc/NFe/infNFe/det/imposto/ISSQN/vDeducao,Decimal,,15,,
fq72301,niq721228,issqnVOutro,nfeProc/NFe/infNFe/det/imposto/ISSQN/vOutro,Decimal,,15,,
fq72301,niq721229,issqnVDescIncond,nfeProc/NFe/infNFe/det/imposto/ISSQN/vDescIncond,Decimal,,15,,
fq72301,niq721230,issqnVDescCond,nfeProc/NFe/infNFe/det/imposto/ISSQN/vDescCond,Decimal,,15,,
fq72301,niq721231,issqnVissRet,nfeProc/NFe/infNFe/det/imposto/ISSQN/vISSRet,Decimal,,15,,
fq72301,niq721232,issqnIndIss,nfeProc/NFe/infNFe/det/imposto/ISSQN/indISS,Integer,,2,,
fq72301,niq721233,issqnCServico,nfeProc/NFe/infNFe/det/imposto/ISSQN/cServico,String,,20,,
fq72301,niq721234,issqnCMun,nfeProc/NFe/infNFe/det/imposto/ISSQN/cMun,Integer,,7,,
fq72301,niq721235,issqnCPais,nfeProc/NFe/infNFe/det/imposto/ISSQN/cPais,Integer,,4,,
fq72301,niq721236,issqnNProcesso,nfeProc/NFe/infNFe/det/imposto/ISSQN/nProcesso,String,,30,,
fq72301,niq721237,issqnIndIncentivo,nfeProc/NFe/infNFe/det/imposto/ISSQN/indIncentivo,String,,1,,
fq72301,niq721238,impostoDevolPDevol,nfeProc/NFe/infNFe/det/impostoDevol/pDevol,Decimal,,15,,
fq72301,niq721239,impostoDevolVIpiDevol,nfeProc/NFe/infNFe/det/imposto/IPI/vIPIDevol,Decimal,,15,,
fq72301,niq721268,prodNve,nfeProc/NFe/infNFe/det/prod/NVE,String,,6,,
fq72301,niq721269,prodNfci,nfeProc/NFe/infNFe/det/prod/nFCI,String,,36,,
fq72301,niq721270,prodNve2,nfeProc/NFe/infNFe/det/prod/NVE2,String,,6,,
fq72301,niq721271,prodNve3,nfeProc/NFe/infNFe/det/prod/NVE3,String,,6,,
fq72301,niq721272,prodNve4,nfeProc/NFe/infNFe/det/prod/NVE4,String,,6,,
fq72301,niq721273,prodNve5,nfeProc/NFe/infNFe/det/prod/NVE5,String,,6,,
fq72301,niq721274,prodNve6,nfeProc/NFe/infNFe/det/prod/NVE6,String,,6,,
fq72301,niq721275,prodNve7,nfeProc/NFe/infNFe/det/prod/NVE7,String,,6,,
fq72301,niq721276,prodNve8,nfeProc/NFe/infNFe/det/prod/NVE8,String,,6,,
fq72301,niq721304,prodCest,nfeProc/NFe/infNFe/det/prod/CEST,String,,7,,
fq72301,niq721305,vBCUFDest,nfeProc/NFe/infNFe/det/imposto/ICMSUFDest/vBCUFDest,String,,13,,
fq72301,niq721306,pFCPUFDest,nfeProc/NFe/infNFe/det/imposto/ICMSUFDest/pFCPUFDest,Decimal,,15,,
fq72301,niq721307,pICMSUFDest,nfeProc/NFe/infNFe/det/imposto/ICMSUFDest/pICMSUFDest,Decimal,,15,,
fq72301,niq721308,pICMSInter,nfeProc/NFe/infNFe/det/imposto/ICMSUFDest/pICMSInter,Decimal,,15,,
fq72301,niq721309,pICMSInterPart,nfeProc/NFe/infNFe/det/imposto/ICMSUFDest/pICMSInterPart,Decimal,,10,,
fq72301,niq721310,vFCPUFDest,nfeProc/NFe/infNFe/det/imposto/ICMSUFDest/vFCPUFDest,Decimal,,13,,
fq72301,niq721311,vICMSUFDest,nfeProc/NFe/infNFe/det/imposto/ICMSUFDest/vICMSUFDest,Decimal,,13,,
fq72301,niq721312,vICMSUFRemet,nfeProc/NFe/infNFe/det/imposto/ICMSUFDest/vICMSUFRemet,Decimal,,13,,
fq72301,niq722410,icmsPFcp,nfeProc/NFe/infNFe/det/imposto/ICMS/*/pFCP,Decimal,,15,,
fq72301,niq722411,icmsVFcp,nfeProc/NFe/infNFe/det/imposto/ICMS/*/vFCP,Decimal,,15,,
fq72301,niq722412,icmsVbcfcpst,nfeProc/NFe/infNFe/det/imposto/ICMS/*/vBCFCPST,Decimal,,15,,
fq72301,niq722413,icmsPfcpst,nfeProc/NFe/infNFe/det/imposto/ICMS/*/pFCPST,Decimal,,15,,
fq72301,niq722414,icmsVfcpst,nfeProc/NFe/infNFe/det/imposto/ICMS/*/vFCPST,Decimal,,15,,
fq72301,niq722415,icmsVbcfcp,nfeProc/NFe/infNFe/det/imposto/ICMS/*/vBCFCP,Decimal,,15,,
fq72301,niq722416,icmsPfcpstRet,nfeProc/NFe/infNFe/det/imposto/ICMS/*/pFCPSTRet,Decimal,,15,,
fq72301,niq722417,icmsVfdcpstRet,nfeProc/NFe/infNFe/det/imposto/ICMS/*/vFCPSTRet,Decimal,,15,,
fq72301,niq722418,icmsPst,nfeProc/NFe/infNFe/det/imposto/ICMS/ICMSST/pST,Decimal,,15,,
fq72301,niq722419,VbcfcpStRet,nfeProc/NFe/infNFe/det/imposto/ICMS/*/vBCFCPSTRet,Decimal,,15,,
fq72301,niq722420,VbcfcpUfRet,nfeProc/NFe/infNFe/det/imposto/ICMSUFDest/vBCFCPUFDest,Decimal,,15,,
fq72301,niq722429,prodIndEscala,nfeProc/NFe/infNFe/det/prod/indEscala,String,,1,,
fq72301,niq722430,prodCnpjFab,nfeProc/NFe/infNFe/det/prod/CNPJFab,Integer,,14,,
fq72301,niq722431,prodCBenef,nfeProc/NFe/infNFe/det/prod/cBenef,String,,10,,
fq72301,niq722435,pRedBcefet,nfeProc/NFe/infNFe/det/imposto/ICMS/*/pRedBCEfet,Decimal,,7,,
fq72301,niq722436,vBceFet,nfeProc/NFe/infNFe/det/imposto/ICMS/*/vBCEfet,Decimal,,15,,
fq72301,niq722437,pIcmsEfet,nfeProc/NFe/infNFe/det/imposto/ICMS/*/pICMSEfet,Decimal,,7,,
fq72301,niq722438,vIcmsEfet,nfeProc/NFe/infNFe/det/imposto/ICMS/*/vICMSEfet,Decimal,,15,,
fq72301,niq722439,vIcmsSubstituto,nfeProc/NFe/infNFe/det/imposto/ICMS/ICMSST/vICMSSubstituto,Decimal,,15,,
fq72302,neq720652,id,${chaveDeAcesso},String,neq720803 = 'dest',50,nfeProc/NFe/infNFe/dest,
fq72302,neq720803,cTipo,${compWhere},String,neq720803 = 'dest',15,,
fq72302,neq720804,cnpj,nfeProc/NFe/infNFe/dest/CNPJ,String,neq720803 = 'dest',14,,
fq72302,neq720805,cpf,nfeProc/NFe/infNFe/dest/CPF,String,neq720803 = 'dest',11,,
fq72302,neq720806,xNome,nfeProc/NFe/infNFe/dest/xNome,String,neq720803 = 'dest',60,,
fq72302,neq720807,xFant,nfeProc/NFe/infNFe/dest/xFant,String,neq720803 = 'dest',60,,
fq72302,neq720808,xLgr,nfeProc/NFe/infNFe/dest/enderDest/xLgr,String,neq720803 = 'dest',60,,
fq72302,neq720809,nro,nfeProc/NFe/infNFe/dest/enderDest/nro,String,neq720803 = 'dest',60,,
fq72302,neq720810,xCpl,nfeProc/NFe/infNFe/dest/enderDest/xCpl,String,neq720803 = 'dest',60,,
fq72302,neq720811,xBairro,nfeProc/NFe/infNFe/dest/enderDest/xBairro,String,neq720803 = 'dest',60,,
fq72302,neq720812,cMun,nfeProc/NFe/infNFe/dest/enderDest/cMun,String,neq720803 = 'dest',60,,
fq72302,neq720813,xMun,nfeProc/NFe/infNFe/dest/enderDest/xMun,String,neq720803 = 'dest',60,,
fq72302,neq720814,uf,nfeProc/NFe/infNFe/dest/enderDest/UF,String,neq720803 = 'dest',2,,
fq72302,neq720815,cep,nfeProc/NFe/infNFe/dest/enderDest/CEP,Integer,neq720803 = 'dest',8,,
fq72302,neq720816,cPais,nfeProc/NFe/infNFe/dest/enderDest/cPais,Integer,neq720803 = 'dest',4,,
fq72302,neq720817,xPais,nfeProc/NFe/infNFe/dest/enderDest/xPais,String,neq720803 = 'dest',60,,
fq72302,neq720819,ie,nfeProc/NFe/infNFe/dest/IE,String,neq720803 = 'dest',30,,
fq72302,neq720820,isuf,nfeProc/NFe/infNFe/dest/ISUF,String,neq720803 = 'dest',20,,
fq72302,neq720821,iest,nfeProc/NFe/infNFe/dest/IEST,String,neq720803 = 'dest',20,,
fq72302,neq720822,im,nfeProc/NFe/infNFe/dest/IM,String,neq720803 = 'dest',20,,
fq72302,neq720823,fone,nfeProc/NFe/infNFe/dest/enderDest/fone,String,neq720803 = 'dest',20,,
fq72302,neq720824,email,nfeProc/NFe/infNFe/dest/email,String,neq720803 = 'dest',60,,
fq72302,neq720825,cnae,nfeProc/NFe/infNFe/dest/CNAE,String,neq720803 = 'dest',7,,
fq72302,neq720826,crt,nfeProc/NFe/infNFe/dest/CRT,Integer,neq720803 = 'dest',1,,
fq72302,neq721206,idEstrangeiro,nfeProc/NFe/infNFe/dest/idEstrangeiro,String,neq720803 = 'dest',20,,
fq72302,neq721207,indIEDest,nfeProc/NFe/infNFe/dest/indIEDest,Integer,neq720803 = 'dest',1,,
fq72302,neq720652,id,${chaveDeAcesso},String,neq720803 = 'emit',50,nfeProc/NFe/infNFe/emit,
fq72302,neq720803,cTipo,${compWhere},String,neq720803 = 'emit',15,,
fq72302,neq720804,cnpj,nfeProc/NFe/infNFe/emit/CNPJ,String,neq720803 = 'emit',14,,
fq72302,neq720805,cpf,nfeProc/NFe/infNFe/emit/CPF,String,neq720803 = 'emit',11,,
fq72302,neq720806,xNome,nfeProc/NFe/infNFe/emit/xNome,String,neq720803 = 'emit',60,,
fq72302,neq720807,xFant,nfeProc/NFe/infNFe/emit/xFant,String,neq720803 = 'emit',60,,
fq72302,neq720808,xLgr,nfeProc/NFe/infNFe/emit/enderEmit/xLgr,String,neq720803 = 'emit',60,,
fq72302,neq720809,nro,nfeProc/NFe/infNFe/emit/enderEmit/nro,String,neq720803 = 'emit',60,,
fq72302,neq720810,xCpl,nfeProc/NFe/infNFe/emit/enderEmit/xCpl,String,neq720803 = 'emit',60,,
fq72302,neq720811,xBairro,nfeProc/NFe/infNFe/emit/enderEmit/xBairro,String,neq720803 = 'emit',60,,
fq72302,neq720812,cMun,nfeProc/NFe/infNFe/emit/enderEmit/cMun,String,neq720803 = 'emit',60,,
fq72302,neq720813,xMun,nfeProc/NFe/infNFe/emit/enderEmit/xMun,String,neq720803 = 'emit',60,,
fq72302,neq720814,uf,nfeProc/NFe/infNFe/emit/enderEmit/UF,String,neq720803 = 'emit',2,,
fq72302,neq720815,cep,nfeProc/NFe/infNFe/emit/enderEmit/CEP,Integer,neq720803 = 'emit',8,,
fq72302,neq720816,cPais,nfeProc/NFe/infNFe/emit/enderEmit/cPais,Integer,neq720803 = 'emit',4,,
fq72302,neq720817,xPais,nfeProc/NFe/infNFe/emit/enderEmit/xPais,String,neq720803 = 'emit',60,,
fq72302,neq720819,ie,nfeProc/NFe/infNFe/emit/IE,String,neq720803 = 'emit',30,,
fq72302,neq720820,isuf,nfeProc/NFe/infNFe/emit/ISUF,String,neq720803 = 'emit',20,,
fq72302,neq720821,iest,nfeProc/NFe/infNFe/emit/IEST,String,neq720803 = 'emit',20,,
fq72302,neq720822,im,nfeProc/NFe/infNFe/emit/IM,String,neq720803 = 'emit',20,,
fq72302,neq720823,fone,nfeProc/NFe/infNFe/emit/enderEmit/fone,String,neq720803 = 'emit',20,,
fq72302,neq720824,email,nfeProc/NFe/infNFe/emit/email,String,neq720803 = 'emit',60,,
fq72302,neq720825,cnae,nfeProc/NFe/infNFe/emit/CNAE,String,neq720803 = 'emit',7,,
fq72302,neq720826,crt,nfeProc/NFe/infNFe/emit/CRT,Integer,neq720803 = 'emit',1,,
fq72302,neq721206,idEstrangeiro,nfeProc/NFe/infNFe/emit/idEstrangeiro,String,neq720803 = 'emit',20,,
fq72302,neq721207,indIEDest,nfeProc/NFe/infNFe/emit/indIEDest,Integer,neq720803 = 'emit',1,,
fq72302,neq720652,id,${chaveDeAcesso},String,neq720803 = 'entrega',50,nfeProc/NFe/infNFe/entrega,
fq72302,neq720803,cTipo,${compWhere},String,neq720803 = 'entrega',15,,
fq72302,neq720804,cnpj,nfeProc/NFe/infNFe/entrega/CNPJ,String,neq720803 = 'entrega',14,,
fq72302,neq720805,cpf,nfeProc/NFe/infNFe/entrega/CPF,String,neq720803 = 'entrega',11,,
fq72302,neq720806,xNome,nfeProc/NFe/infNFe/entrega/xNome,String,neq720803 = 'entrega',60,,
fq72302,neq720807,xFant,nfeProc/NFe/infNFe/entrega/xFant,String,neq720803 = 'entrega',60,,
fq72302,neq720808,xLgr,nfeProc/NFe/infNFe/entrega/xLgr,String,neq720803 = 'entrega',60,,
fq72302,neq720809,nro,nfeProc/NFe/infNFe/entrega/nro,String,neq720803 = 'entrega',60,,
fq72302,neq720810,xCpl,nfeProc/NFe/infNFe/entrega/xCpl,String,neq720803 = 'entrega',60,,
fq72302,neq720811,xBairro,nfeProc/NFe/infNFe/entrega/xBairro,String,neq720803 = 'entrega',60,,
fq72302,neq720812,cMun,nfeProc/NFe/infNFe/entrega/cMun,String,neq720803 = 'entrega',60,,
fq72302,neq720813,xMun,nfeProc/NFe/infNFe/entrega/xMun,String,neq720803 = 'entrega',60,,
fq72302,neq720814,uf,nfeProc/NFe/infNFe/entrega/UF,String,neq720803 = 'entrega',2,,
fq72302,neq720815,cep,nfeProc/NFe/infNFe/entrega/CEP,Integer,neq720803 = 'entrega',8,,
fq72302,neq720816,cPais,nfeProc/NFe/infNFe/entrega/cPais,Integer,neq720803 = 'entrega',4,,
fq72302,neq720817,xPais,nfeProc/NFe/infNFe/entrega/xPais,String,neq720803 = 'entrega',60,,
fq72302,neq720819,ie,nfeProc/NFe/infNFe/entrega/IE,String,neq720803 = 'entrega',30,,
fq72302,neq720820,isuf,nfeProc/NFe/infNFe/entrega/ISUF,String,neq720803 = 'entrega',20,,
fq72302,neq720821,iest,nfeProc/NFe/infNFe/entrega/IEST,String,neq720803 = 'entrega',20,,
fq72302,neq720822,im,nfeProc/NFe/infNFe/entrega/IM,String,neq720803 = 'entrega',20,,
fq72302,neq720823,fone,nfeProc/NFe/infNFe/entrega/fone,String,neq720803 = 'entrega',20,,
fq72302,neq720824,email,nfeProc/NFe/infNFe/entrega/email,String,neq720803 = 'entrega',60,,
fq72302,neq720825,cnae,nfeProc/NFe/infNFe/entrega/CNAE,String,neq720803 = 'entrega',7,,
fq72302,neq720826,crt,nfeProc/NFe/infNFe/entrega/CRT,Integer,neq720803 = 'entrega',1,,
fq72302,neq721206,idEstrangeiro,nfeProc/NFe/infNFe/entrega/idEstrangeiro,String,neq720803 = 'entrega',20,,
fq72302,neq721207,indIEDest,nfeProc/NFe/infNFe/entrega/indIEDest,Integer,neq720803 = 'entrega',1,,
fq72302,neq720652,id,${chaveDeAcesso},String,neq720803 = 'retirada',50,nfeProc/NFe/infNFe/retirada,
fq72302,neq720803,cTipo,${compWhere},String,neq720803 = 'retirada',15,,
fq72302,neq720804,cnpj,nfeProc/NFe/infNFe/retirada/CNPJ,String,neq720803 = 'retirada',14,,
fq72302,neq720805,cpf,nfeProc/NFe/infNFe/retirada/CPF,String,neq720803 = 'retirada',11,,
fq72302,neq720806,xNome,nfeProc/NFe/infNFe/retirada/xNome,String,neq720803 = 'retirada',60,,
fq72302,neq720807,xFant,nfeProc/NFe/infNFe/retirada/xFant,String,neq720803 = 'retirada',60,,
fq72302,neq720808,xLgr,nfeProc/NFe/infNFe/retirada/xLgr,String,neq720803 = 'retirada',60,,
fq72302,neq720809,nro,nfeProc/NFe/infNFe/retirada/nro,String,neq720803 = 'retirada',60,,
fq72302,neq720810,xCpl,nfeProc/NFe/infNFe/retirada/xCpl,String,neq720803 = 'retirada',60,,
fq72302,neq720811,xBairro,nfeProc/NFe/infNFe/retirada/xBairro,String,neq720803 = 'retirada',60,,
fq72302,neq720812,cMun,nfeProc/NFe/infNFe/retirada/cMun,String,neq720803 = 'retirada',60,,
fq72302,neq720813,xMun,nfeProc/NFe/infNFe/retirada/xMun,String,neq720803 = 'retirada',60,,
fq72302,neq720814,uf,nfeProc/NFe/infNFe/retirada/UF,String,neq720803 = 'retirada',2,,
fq72302,neq720815,cep,nfeProc/NFe/infNFe/retirada/CEP,Integer,neq720803 = 'retirada',8,,
fq72302,neq720816,cPais,nfeProc/NFe/infNFe/retirada/cPais,Integer,neq720803 = 'retirada',4,,
fq72302,neq720817,xPais,nfeProc/NFe/infNFe/retirada/xPais,String,neq720803 = 'retirada',60,,
fq72302,neq720819,ie,nfeProc/NFe/infNFe/retirada/IE,String,neq720803 = 'retirada',30,,
fq72302,neq720820,isuf,nfeProc/NFe/infNFe/retirada/ISUF,String,neq720803 = 'retirada',20,,
fq72302,neq720821,iest,nfeProc/NFe/infNFe/retirada/IEST,String,neq720803 = 'retirada',20,,
fq72302,neq720822,im,nfeProc/NFe/infNFe/retirada/IM,String,neq720803 = 'retirada',20,,
fq72302,neq720823,fone,nfeProc/NFe/infNFe/retirada/fone,String,neq720803 = 'retirada',20,,
fq72302,neq720824,email,nfeProc/NFe/infNFe/retirada/email,String,neq720803 = 'retirada',60,,
fq72302,neq720825,cnae,nfeProc/NFe/infNFe/retirada/CNAE,String,neq720803 = 'retirada',7,,
fq72302,neq720826,crt,nfeProc/NFe/infNFe/retirada/CRT,Integer,neq720803 = 'retirada',1,,
fq72302,neq721206,idEstrangeiro,nfeProc/NFe/infNFe/retirada/idEstrangeiro,String,neq720803 = 'retirada',20,,
fq72302,neq721207,indIEDest,nfeProc/NFe/infNFe/retirada/indIEDest,Integer,neq720803 = 'retirada',1,,
fq72302,neq720652,id,${chaveDeAcesso},String,neq720803 = 'transporta',50,nfeProc/NFe/infNFe/transp/transporta,
fq72302,neq720803,cTipo,${compWhere},String,neq720803 = 'transporta',15,,
fq72302,neq720804,cnpj,nfeProc/NFe/infNFe/transp/transporta/CNPJ,String,neq720803 = 'transporta',14,,
fq72302,neq720805,cpf,nfeProc/NFe/infNFe/transp/transporta/CPF,String,neq720803 = 'transporta',11,,
fq72302,neq720806,xNome,nfeProc/NFe/infNFe/transp/transporta/xNome,String,neq720803 = 'transporta',60,,
fq72302,neq720807,xFant,nfeProc/NFe/infNFe/transp/transporta/xFant,String,neq720803 = 'transporta',60,,
fq72302,neq720808,xLgr,nfeProc/NFe/infNFe/transp/transporta/xLgr,String,neq720803 = 'transporta',60,,
fq72302,neq720809,nro,nfeProc/NFe/infNFe/transp/transporta/nro,String,neq720803 = 'transporta',60,,
fq72302,neq720810,xCpl,nfeProc/NFe/infNFe/transp/transporta/xCpl,String,neq720803 = 'transporta',60,,
fq72302,neq720811,xBairro,nfeProc/NFe/infNFe/transp/transporta/xBairro,String,neq720803 = 'transporta',60,,
fq72302,neq720812,cMun,nfeProc/NFe/infNFe/transp/transporta/cMun,String,neq720803 = 'transporta',60,,
fq72302,neq720813,xMun,nfeProc/NFe/infNFe/transp/transporta/xMun,String,neq720803 = 'transporta',60,,
fq72302,neq720814,uf,nfeProc/NFe/infNFe/transp/transporta/UF,String,neq720803 = 'transporta',2,,
fq72302,neq720815,cep,nfeProc/NFe/infNFe/transp/transporta/CEP,Integer,neq720803 = 'transporta',8,,
fq72302,neq720816,cPais,nfeProc/NFe/infNFe/transp/transporta/cPais,Integer,neq720803 = 'transporta',4,,
fq72302,neq720817,xPais,nfeProc/NFe/infNFe/transp/transporta/xPais,String,neq720803 = 'transporta',60,,
fq72302,neq720818,xEnder,nfeProc/NFe/infNFe/transp/transporta/xEnder,String,neq720803 = 'transporta',70,,
fq72302,neq720819,ie,nfeProc/NFe/infNFe/transp/transporta/IE,String,neq720803 = 'transporta',30,,
fq72302,neq720820,isuf,nfeProc/NFe/infNFe/transp/transporta/ISUF,String,neq720803 = 'transporta',20,,
fq72302,neq720821,iest,nfeProc/NFe/infNFe/transp/transporta/IEST,String,neq720803 = 'transporta',20,,
fq72302,neq720822,im,nfeProc/NFe/infNFe/transp/transporta/IM,String,neq720803 = 'transporta',20,,
fq72302,neq720823,fone,nfeProc/NFe/infNFe/transp/transporta/fone,String,neq720803 = 'transporta',20,,
fq72302,neq720824,email,nfeProc/NFe/infNFe/transp/transporta/email,String,neq720803 = 'transporta',60,,
fq72302,neq720825,cnae,nfeProc/NFe/infNFe/transp/transporta/CNAE,String,neq720803 = 'transporta',7,,
fq72302,neq720826,crt,nfeProc/NFe/infNFe/transp/transporta/CRT,Integer,neq720803 = 'transporta',1,,
fq72302,neq721206,idEstrangeiro,nfeProc/NFe/infNFe/transp/transporta/idEstrangeiro,String,neq720803 = 'transporta',20,,
fq72302,neq721207,indIEDest,nfeProc/NFe/infNFe/transp/transporta/indIEDest,Integer,neq720803 = 'transporta',1,,
fq72303,nrq720652,id,${chaveDeAcesso},String,,50,nfeProc/NFe/infNFe/ide/NFref,
fq72303,nrq720707,ideSerie,nfeProc/NFe/infNFe/ide/NFref/*/serie,String,,5,,
fq72303,nrq720805,ideCpf,nfeProc/NFe/infNFe/ide/NFref/*/CPF,String,,11,,
fq72303,nrq720849,nSequencia,${sequence},Integer,,10,,
fq72303,nrq720850,ideRefNfe,nfeProc/NFe/infNFe/ide/NFref/refNFe,String,,100,,
fq72303,nrq720851,ideCuf,nfeProc/NFe/infNFe/ide/NFref/*/cUF,String,,20,,
fq72303,nrq720852,ideAmm,nfeProc/NFe/infNFe/ide/NFref/*/AAMM,String,,4,,
fq72303,nrq720853,ideCnpj,nfeProc/NFe/infNFe/ide/NFref/*/CNPJ,String,,20,,
fq72303,nrq720855,ideMod,nfeProc/NFe/infNFe/ide/NFref/*/mod,String,,20,,
fq72303,nrq720857,ideNnf,nfeProc/NFe/infNFe/ide/NFref/*/nNF,Integer,,12,,
fq72303,nrq720858,ideIe,nfeProc/NFe/infNFe/ide/NFref/*/IE,String,,18,,
fq72303,nrq720859,ideRefCte,nfeProc/NFe/infNFe/ide/NFref/refCTe,String,,100,,
fq72303,nrq720860,ideNEcf,nfeProc/NFe/infNFe/ide/NFref/*/nECF,Integer,,6,,
fq72303,nrq720861,ideNcoo,nfeProc/NFe/infNFe/ide/NFref/*/nCOO,Integer,,9,,
fq72304,naq720652,id,${chaveDeAcesso},String,,50,nfeProc/NFe/infNFe/avulsa,
fq72304,naq720709,ideDEmi,nfeProc/NFe/infNFe/avulsa/dEmi,String,,20,,
fq72304,naq720814,ideUf,nfeProc/NFe/infNFe/avulsa/UF,String,,2,,
fq72304,naq720828,ideCnpj,nfeProc/NFe/infNFe/avulsa/CNPJ,String,,14,,
fq72304,naq720829,ideXOrgao,nfeProc/NFe/infNFe/avulsa/xOrgao,String,,60,,
fq72304,naq720830,ideMatr,nfeProc/NFe/infNFe/avulsa/matr,String,,60,,
fq72304,naq720831,ideXAgente,nfeProc/NFe/infNFe/avulsa/xAgente,String,,60,,
fq72304,naq720832,ideFone,nfeProc/NFe/infNFe/avulsa/fone,String,,10,,
fq72304,naq720834,ideNDar,nfeProc/NFe/infNFe/avulsa/nDAR,String,,60,,
fq72304,naq720836,ideVDar,nfeProc/NFe/infNFe/avulsa/vDAR,Decimal,,15,,
fq72304,naq720837,ideRepEmi,nfeProc/NFe/infNFe/avulsa/repEmi,String,,60,,
fq72304,naq720838,ideDPag,nfeProc/NFe/infNFe/avulsa/dPag,String,,20,,
fq72305,nvq720652,id,${chaveDeAcesso},String,,50,nfeProc/NFe/infNFe/transp/vol,
fq72305,nvq720849,nSequencia,${sequence},Integer,,10,,
fq72305,nvq720864,volQVol,nfeProc/NFe/infNFe/transp/vol/qVol,Integer,,15,,
fq72305,nvq720865,volEsp,nfeProc/NFe/infNFe/transp/vol/esp,String,,60,,
fq72305,nvq720866,volMarca,nfeProc/NFe/infNFe/transp/vol/marca,String,,60,,
fq72305,nvq720867,volNVol,nfeProc/NFe/infNFe/transp/vol/nVol,String,,60,,
fq72305,nvq720868,volPesoL,nfeProc/NFe/infNFe/transp/vol/pesoL,Decimal,,15,,
fq72305,nvq720869,volPesoB,nfeProc/NFe/infNFe/transp/vol/pesoB,Decimal,,15,,
fq72306,ndq720652,id,${chaveDeAcesso},String,,50,nfeProc/NFe/infNFe/transp/reboque,
fq72306,ndq720757,veicTranspPlaca,nfeProc/NFe/infNFe/transp/reboque/placa,String,,10,,
fq72306,ndq720758,veicTranspUf,nfeProc/NFe/infNFe/transp/reboque/UF,String,,2,,
fq72306,ndq720849,nSequencia,${sequence},Integer,,20,,
fq72306,ndq720759,veicTranspRntc,nfeProc/NFe/infNFe/transp/reboque/RNTC,String,,30,,
fq72306,ndq720846,veicTranspVagao,nfeProc/NFe/infNFe/transp/reboque/vagao,String,,30,,
fq72306,ndq720847,veicTranspBalsa,nfeProc/NFe/infNFe/transp/reboque/balsa,Integer,,10,,
fq72307,nlq720652,id,${chaveDeAcesso},String,,50,nfeProc/NFe/infNFe/transp/vol/lacres,nfeProc/NFe/infNFe/transp/vol
fq72307,nlq720871,nSequencia,${sequence},Integer,,10,,
fq72307,nlq720872,nSequenciaFk,${parentSequence},Integer,,10,,
fq72307,nlq720873,nLacre,nfeProc/NFe/infNFe/transp/vol/lacres/nLacre,String,,60,,
fq72308,nuq720652,id,${chaveDeAcesso},String,,50,nfeProc/NFe/infNFe/cobr/dup,
fq72308,nuq720849,nSequencia,${sequence},Integer,,10,,
fq72308,nuq720876,dupNDup,nfeProc/NFe/infNFe/cobr/dup/nDup,String,,60,,
fq72308,nuq720877,dupDVenc,nfeProc/NFe/infNFe/cobr/dup/dVenc,String,,20,,
fq72308,nuq720878,dupVDup,nfeProc/NFe/infNFe/cobr/dup/vDup,Decimal,,15,,
fq72309,noq720652,id,${chaveDeAcesso},String,noq720880 = 'c',50,nfeProc/NFe/infNFe/infAdic/obsCont,
fq72309,noq720880,ctipoObservacao,${compWhere},String,noq720880 = 'c',50,,
fq72309,noq720849,nSequencia,${sequence},Integer,noq720880 = 'c',10,,
fq72309,noq720882,infAdicXCampo,nfeProc/NFe/infNFe/infAdic/obsCont/@xCampo,String,noq720880 = 'c',20,,
fq72309,noq720883,infAdicXTexto,nfeProc/NFe/infNFe/infAdic/obsCont/xTexto,String,noq720880 = 'c',20,,
fq72309,noq720652,id,${chaveDeAcesso},String,noq720880 = 'f',50,nfeProc/NFe/infNFe/infAdic/obsFisco,
fq72309,noq720880,ctipoObservacao,${compWhere},String,noq720880 = 'f',50,,
fq72309,noq720849,nSequencia,${sequence},Integer,noq720880 = 'f',10,,
fq72309,noq720882,infAdicXCampo,nfeProc/NFe/infNFe/infAdic/obsFisco/@xCampo,String,noq720880 = 'f',20,,
fq72309,noq720883,infAdicXTexto,nfeProc/NFe/infNFe/infAdic/obsFisco/xTexto,String,noq720880 = 'f',20,,
fq72310,npq720652,id,${chaveDeAcesso},String,,50,nfeProc/NFe/infNFe/infAdic/procRef,
fq72310,npq720849,nSequencia,${sequence},Integer,,10,,
fq72310,npq720886,nProc,nfeProc/NFe/infNFe/infAdic/procRef/nProc,String,,60,,
fq72310,npq720887,indProc,nfeProc/NFe/infNFe/infAdic/procRef/indProc,String,,1,,
fq72311,ncq720652,id,${chaveDeAcesso},String,,50,nfeProc/NFe/infNFe/det/prod/DI/adi,nfeProc/NFe/infNFe/det
fq72311,ncq720889,nSequencia,${parentSequence},Integer,,100,,
fq72311,ncq720850,nSequenciaAdi,${sequence},Integer,,3,,
fq72311,ncq720900,nSequenciaSeqAdic,nfeProc/NFe/infNFe/det/prod/DI/adi/nSeqAdic,Integer,,3,,
fq72311,ncq720901,nAdicao,nfeProc/NFe/infNFe/det/prod/DI/adi/nAdicao,Integer,,3,,
fq72311,ncq720902,cFabricante,nfeProc/NFe/infNFe/det/prod/DI/adi/cFabricante,String,,60,,
fq72311,ncq720903,vDescDI,nfeProc/NFe/infNFe/det/prod/DI/adi/vDescDI,Integer,,15,,
fq72311,ncq721213,nDraw,nfeProc/NFe/infNFe/det/prod/DI/adi/nDraw,Integer,,11,,
fq72312,nbq720652,id,${chaveDeAcesso},String,,50,nfeProc/NFe/infNFe/det/prod/DI,nfeProc/NFe/infNFe/det
fq72312,nbq720889,nItem,${parentSequence},Integer,,10,,
fq72312,nbq720849,nSequencia,${sequence},Integer,,3,,
fq72312,nbq720891,nDI,nfeProc/NFe/infNFe/det/prod/DI/nDI,String,,20,,
fq72312,nbq720892,dDI,nfeProc/NFe/infNFe/det/prod/DI/dDI,String,,20,,
fq72312,nbq720893,xLocDesemb,nfeProc/NFe/infNFe/det/prod/DI/xLocDesemb,String,,60,,
fq72312,nbq720894,UFDesemb,nfeProc/NFe/infNFe/det/prod/DI/UFDesemb,String,,2,,
fq72312,nbq720895,dDesemb,nfeProc/NFe/infNFe/det/prod/DI/dDesemb,String,,20,,
fq72312,nbq720896,cExportador,nfeProc/NFe/infNFe/det/prod/DI/cExportador,String,,60,,
fq72312,nbq721208,tpViaTransp,nfeProc/NFe/infNFe/det/prod/DI/tpViaTransp,Integer,,2,,
fq72312,nbq721209,vAFRMM,nfeProc/NFe/infNFe/det/prod/DI/vAFRMM,Decimal,,15,,
fq72312,nbq721210,tpIntermedio,nfeProc/NFe/infNFe/det/prod/DI/tpIntermedio,Integer,,1,,
fq72312,nbq721211,cnpj,nfeProc/NFe/infNFe/det/prod/DI/CNPJ,Integer,,14,,
fq72312,nbq721212,ufTerceiro,nfeProc/NFe/infNFe/det/prod/DI/UFTerceiro,String,,2,,
fq72313,ngq720652,id,${chaveDeAcesso},String,,50,nfeProc/NFe/infNFe/det/prod/veicProd,nfeProc/NFe/infNFe/det
fq72313,ngq720653,nSequencia,${sequence},Integer,,3,,
fq72313,ngq720906,tpOp,nfeProc/NFe/infNFe/det/prod/veicProd/tpOp,Integer,,1,,
fq72313,ngq720907,chassi,nfeProc/NFe/infNFe/det/prod/veicProd/chassi,String,,20,,
fq72313,ngq720908,cCor,nfeProc/NFe/infNFe/det/prod/veicProd/cCor,String,,10,,
fq72313,ngq720909,xCor,nfeProc/NFe/infNFe/det/prod/veicProd/xCor,String,,40,,
fq72313,ngq720910,pot,nfeProc/NFe/infNFe/det/prod/veicProd/pot,String,,10,,
fq72313,ngq720911,cm,nfeProc/NFe/infNFe/det/prod/veicProd/CM3,String,,10,,
fq72313,ngq720912,cilin,nfeProc/NFe/infNFe/det/prod/veicProd/cilin,String,,8,,
fq72313,ngq720913,pesoB,nfeProc/NFe/infNFe/det/prod/veicProd/pesoL,String,,10,,
fq72313,ngq720914,nSerie,nfeProc/NFe/infNFe/det/prod/veicProd/pesoB,String,,10,,
fq72313,ngq720915,tpComb,nfeProc/NFe/infNFe/det/prod/veicProd/nSerie,String,,20,,
fq72313,ngq720916,nMotor,nfeProc/NFe/infNFe/det/prod/veicProd/tpComb,String,,20,,
fq72313,ngq720917,nMotor,nfeProc/NFe/infNFe/det/prod/veicProd/nMotor,String,,30,,
fq72313,ngq720918,cmkg,nfeProc/NFe/infNFe/det/prod/veicProd/CMKG,String,,10,,
fq72313,ngq720919,cmt,nfeProc/NFe/infNFe/det/prod/veicProd/CMT,String,,12,,
fq72313,ngq720920,dist,nfeProc/NFe/infNFe/det/prod/veicProd/dist,String,,5,,
fq72313,ngq720921,renavam,nfeProc/NFe/infNFe/det/prod/veicProd/RENAVAM,Integer,,9,,
fq72313,ngq720922,anoMod,nfeProc/NFe/infNFe/det/prod/veicProd/anoMod,Integer,,4,,
fq72313,ngq720923,anoFab,nfeProc/NFe/infNFe/det/prod/veicProd/anoFab,Integer,,4,,
fq72313,ngq720924,tpPint,nfeProc/NFe/infNFe/det/prod/veicProd/tpPint,String,,1,,
fq72313,ngq720925,tpVeic,nfeProc/NFe/infNFe/det/prod/veicProd/tpVeic,Integer,,2,,
fq72313,ngq720926,espVeic,nfeProc/NFe/infNFe/det/prod/veicProd/espVeic,Integer,,1,,
fq72313,ngq720927,vin,nfeProc/NFe/infNFe/det/prod/veicProd/VIN,String,,1,,
fq72313,ngq720928,condVeic,nfeProc/NFe/infNFe/det/prod/veicProd/condVeic,Integer,,1,,
fq72313,ngq720929,cMod,nfeProc/NFe/infNFe/det/prod/veicProd/cMod,Integer,,6,,
fq72313,ngq720930,cCorDenatram,nfeProc/NFe/infNFe/det/prod/veicProd/cCorDENATRAN,String,,2,,
fq72313,ngq720931,lota,nfeProc/NFe/infNFe/det/prod/veicProd/lota,Integer,,3,,
fq72313,ngq720932,tpRest,nfeProc/NFe/infNFe/det/prod/veicProd/tpRest,Integer,,1,,
fq72314,nhq720652,id,${chaveDeAcesso},String,,50,nfeProc/NFe/infNFe/det/prod/med,nfeProc/NFe/infNFe/det
fq72314,nhq720653,nSequencia,${sequence},Integer,,3,,
fq72314,nhq720849,nItem,${parentSequence},Integer,,20,,
fq72314,nhq720935,nLote,-,Integer,,10,,
fq72314,nhq720879,qLote,-,Decimal,,12,,
fq72314,nhq720835,dFab,-,String,,30,,
fq72314,nhq720936,dVal,-,String,,20,,
fq72314,nhq720937,vPmc,nfeProc/NFe/infNFe/det/prod/med/vPMC,Decimal,,15,,
fq72314,nhq722404,cProdANVISA,nfeProc/NFe/infNFe/det/prod/med/cProdANVISA,String,,13,,
fq72314,nhq722440,xMotivoIsencao,nfeProc/NFe/infNFe/det/prod/med/xMotivoIsencao,String,,255,,
fq72315,njq720652,id,${chaveDeAcesso},String,,50,nfeProc/NFe/infNFe/det/prod/arma,nfeProc/NFe/infNFe/det
fq72315,njq720653,nItem,${parentSequence},Integer,,3,,
fq72315,njq720849,nSequencia,${sequence},Integer,,10,,
fq72315,njq720940,tpArma,nfeProc/NFe/infNFe/det/prod/arma/tpArma,Integer,,1,,
fq72315,njq720941,nSerie,-,Integer,,9,,
fq72315,njq720942,nCano,-,Integer,,9,,
fq72315,njq720943,descr,nfeProc/NFe/infNFe/det/prod/arma/descr,String,,256,,
fq72315,njq721218,nSerie,nfeProc/NFe/infNFe/det/prod/arma/nSerie,String,,15,,
fq72315,njq721219,nCano,nfeProc/NFe/infNFe/det/prod/arma/nCano,String,,15,,
fq72316,nkq720652,id,${chaveDeAcesso},String,,50,nfeProc/NFe/infNFe/det/prod/comb,nfeProc/NFe/infNFe/det
fq72316,nkq720653,nSequencia,nfeProc/NFe/infNFe/det/@nItem,Integer,,3,,
fq72316,nkq720946,cProdANP,nfeProc/NFe/infNFe/det/prod/comb/cProdANP,Integer,,9,,
fq72316,nkq720947,codif,nfeProc/NFe/infNFe/det/prod/comb/CODIF,Integer,,21,,
fq72316,nkq720948,qTemp,nfeProc/NFe/infNFe/det/prod/comb/qTemp,Integer,,16,,
fq72316,nkq720949,ufCons,nfeProc/NFe/infNFe/det/prod/comb/UFcons,String,,2,,
fq72316,nkq720950,qBCProd,nfeProc/NFe/infNFe/det/prod/comb/CIDE/qBCProd,Integer,,16,,
fq72316,nkq720951,vAliqProd,nfeProc/NFe/infNFe/det/prod/comb/CIDE/vAliqProd,Integer,,15,,
fq72316,nkq720952,vCide,nfeProc/NFe/infNFe/det/prod/comb/CIDE/vCIDE,Integer,,15,,
fq72316,nkq720953,vBcicms,-,Integer,,15,,
fq72316,nkq720954,vBcicmSst,-,Integer,,15,,
fq72316,nkq720955,vIcmSst,-,Integer,,15,,
fq72316,nkq720956,vBcIcmsStDest,-,Integer,,15,,
fq72316,nkq720957,vIcmsStDest,-,Integer,,15,,
fq72316,nkq720958,vBcIcmsStCons,-,Integer,,15,,
fq72316,nkq720959,vIcmsSTCons,-,Integer,,15,,
fq72316,nkq721220,pMixGn,-,Decimal,,6,,
fq72316,nkq722405,descAnp,nfeProc/NFe/infNFe/det/prod/comb/descANP,String,,95,,
fq72316,nkq722406,pGlp,nfeProc/NFe/infNFe/det/prod/comb/pGLP,Decimal,,15,,
fq72316,nkq722407,pGnn,nfeProc/NFe/infNFe/det/prod/comb/pGNn,Decimal,,15,,
fq72316,nkq722408,pGni,nfeProc/NFe/infNFe/det/prod/comb/pGNi,Decimal,,15,,
fq72316,nkq722409,vPart,nfeProc/NFe/infNFe/det/prod/comb/vPart,Decimal,,15,,
fq72316,nkq722424,nBico,nfeProc/NFe/infNFe/det/prod/comb/encerrante/nBico,Integer,,3,,
fq72316,nkq722425,nBomba,nfeProc/NFe/infNFe/det/prod/comb/encerrante/nBomba,Integer,,3,,
fq72316,nkq722426,nTanque,nfeProc/NFe/infNFe/det/prod/comb/encerrante/nTanque,Integer,,3,,
fq72316,nkq722427,vEncIni,nfeProc/NFe/infNFe/det/prod/comb/encerrante/vEncIni,Decimal,,15,,
fq72316,nkq722428,vEncFin,nfeProc/NFe/infNFe/det/prod/comb/encerrante/vEncFin,Decimal,,15,,
fq72336,nfq72c100,id,${chaveDeAcesso},String,,100,nfeProc/NFe/infNFe/infRespTec,
fq72336,nfq72c154,infRespTecCnpj,nfeProc/NFe/infNFe/infRespTec/CNPJ,String,,20,,
fq72336,nfq720806,infRespTecXContato,nfeProc/NFe/infNFe/infRespTec/xContato,String,,60,,
fq72336,nfq720824,infRespTecEmail,nfeProc/NFe/infNFe/infRespTec/email,String,,60,,
fq72336,nfq720823,infRespTecFone,nfeProc/NFe/infNFe/infRespTec/fone,String,,60,,
fq72336,nfq72c385,infRespTecIdCsrt,nfeProc/NFe/infNFe/infRespTec/idCSRT,String,,20,,
fq72336,nfq72c386,infRespTecHashCsrt,nfeProc/NFe/infNFe/infRespTec/hashCSRT,String,,60,,
fq72300a,nfq720652,id,${chaveDeAcesso},String,,50,nfeProc/NFe/infNFe/infAdic,
fq72300a,nfq720653,nSequencia,${'0'},Integer,,10,,
fq72300a,nfq721200,infAdicInfCpl,nfeProc/NFe/infNFe/infAdic/infCpl,String,,5000,,
fq72322,n3q720652,id,${chaveDeAcesso},String,,60,nfeProc/NFe/infNFe/autXML,
fq72322,n3q720849,nSequencia,${sequence},Integer,,60,,
fq72322,n3q720804,cnpj,nfeProc/NFe/infNFe/autXML/CNPJ,String,,50,,
fq72322,n3q720805,cpf,nfeProc/NFe/infNFe/autXML/CPF,Integer,,10,,
fq72323,n3q720652,id,${chaveDeAcesso},String,,9,nfeProc/NFe/infNFe/det/prod/detExport,nfeProc/NFe/infNFe/det
fq72323,n3q720653,nItem,${parentSequence},String,,7,,
fq72323,n3q720849,nSequencia,${sequence},Integer,,21,,
fq72323,n3q721213,nDraw,nfeProc/NFe/infNFe/det/prod/detExport/nDraw,Decimal,,21,,
fq72323,n3q721215,nRE,nfeProc/NFe/infNFe/det/prod/detExport/exportInd/nRE,Decimal,,21,,
fq72323,n3q721216,chNFe,nfeProc/NFe/infNFe/det/prod/detExport/exportInd/chNFe,String,,15,,
fq72323,n3q721217,qExport,nfeProc/NFe/infNFe/det/prod/detExport/exportInd/qExport,Decimal,,15,,
fq72325,n3q720652,id,${chaveDeAcesso},String,,15,nfeProc/NFe/infNFe/pag/detPag,
fq72325,n3q720849,nSequencia,${sequence},Integer,,50,,
fq72325,n3q721248,tPag,nfeProc/NFe/infNFe/pag/detPag/tPag,Integer,,10,,
fq72325,n3q721249,vPag,nfeProc/NFe/infNFe/pag/detPag/vPag,Decimal,,2,,
fq72325,n3q721250,cnpj,nfeProc/NFe/infNFe/pag/detPag/card/CNPJ,String,,14,,
fq72325,n3q721251,tBand,nfeProc/NFe/infNFe/pag/detPag/card/tBand,Integer,,50,,
fq72325,n3q721252,cAut,nfeProc/NFe/infNFe/pag/detPag/card/cAut,Integer,,10,,
fq72325,n3q722423,vTroco,nfeProc/NFe/infNFe/pag/vTroco,Decimal,,60,,
fq72325,n3q722422,tpIntegra,nfeProc/NFe/infNFe/pag/detPag/card/tpIntegra,Decimal,,13,,
fq72325,n3q720705,indPag,nfeProc/NFe/infNFe/pag/detPag/indPag,Decimal,,50,,
fq72326,n3q720652,id,${chaveDeAcesso},String,,3,nfeProc/NFe/infNFe/exporta,
fq72326,n3q720849,nSequencia,${sequence},Integer,,10,,
fq72326,n3q721253,ufSaidaPais,nfeProc/NFe/infNFe/exporta/UFSaidaPais,String,,20,,
fq72326,n3q721254,xLocExporta,nfeProc/NFe/infNFe/exporta/xLocExporta,String,,11,,
fq72326,n3q721255,xLocDespacho,nfeProc/NFe/infNFe/exporta/xLocDespacho,String,,10,,
fq72327,n3q720652,id,${chaveDeAcesso},String,,10,nfeProc/NFe/infNFe/cana,
fq72327,n3q720849,nSequencia,${sequence},Integer,,20,,
fq72327,n3q721256,safra,nfeProc/NFe/infNFe/cana/safra,String,,50,,
fq72327,n3q721257,ref,nfeProc/NFe/infNFe/cana/ref,String,,7,,
fq72327,n3q721260,qTotMes,nfeProc/NFe/infNFe/cana/qTotMes,Decimal,,11,,
fq72327,n3q721261,qTotAnt,nfeProc/NFe/infNFe/cana/qTotAnt,Decimal,,20,,
fq72327,n3q721262,qTotGer,nfeProc/NFe/infNFe/cana/qTotGer,Decimal,,14,,
fq72327,n3q721265,vFor,nfeProc/NFe/infNFe/cana/vFor,Decimal,,60,,
fq72327,n3q721266,vTotDed,nfeProc/NFe/infNFe/cana/vTotDed,Decimal,,60,,
fq72327,n3q721267,vLiqFor,nfeProc/NFe/infNFe/cana/vLiqFor,Decimal,,2,,
fq72328,n3q720652,id,${chaveDeAcesso},String,,250,nfeProc/NFe/infNFe/cana/forDia,
fq72328,n3q720849,nSequencia,${sequence},Integer,,20,,
fq72328,n3q721258,dia,nfeProc/NFe/infNFe/cana/forDia/@dia,String,,14,,
fq72328,n3q721259,qtde,nfeProc/NFe/infNFe/cana/forDia/qtde,Decimal,,11,,
fq72329,n3q720652,id,${chaveDeAcesso},String,,2,nfeProc/NFe/infNFe/cana/deduc,
fq72329,n3q720849,nSequencia,${sequence},Integer,,1,,
fq72329,n3q721263,xDed,nfeProc/NFe/infNFe/cana/deduc/xDed,String,,20,,
fq72329,n3q721264,vDed,nfeProc/NFe/infNFe/cana/deduc/vDed,String,,15,,
fq72334,nsq720652,id,${chaveDeAcesso},String,,20,nfeProc/NFe/infNFe/det/prod/rastro,nfeProc/NFe/infNFe/det
fq72334,nsq720653,nItem,${parentSequence},String,,20,,
fq72334,nsq720849,nSequencia,${sequence},Integer,,3,,
fq72334,nsq722400,nLote,nfeProc/NFe/infNFe/det/prod/rastro/nLote,String,,20,,
fq72334,nsq722401,qLote,nfeProc/NFe/infNFe/det/prod/rastro/qLote,Decimal,,20,,
fq72334,nsq722402,dFab,nfeProc/NFe/infNFe/det/prod/rastro/dFab,String,,20,,
fq72334,nsq722403,dVal,nfeProc/NFe/infNFe/det/prod/rastro/dVal,String,,20,,
fq72334,nsq722433,caGreg,nfeProc/NFe/infNFe/det/prod/rastro/cAgreg,Integer,,20,,